4.9669	14.525	2.6402
10.699	11.455	7.4394
6.0205	-0.44626	14.3
0.44629	4.9569	-0.45931
18.7	9.8528	23.279
-21.561	-17.895	-2.3307
12.489	-3.2055	-0.30555
-1.8831	-2.2949	6.4792
-6.1419	-2.5506	-5.4945
10.521	-10.268	2.5342
-3.9571	-6.1106	-6.5399
24.065	12.657	5.1514
-12.574	-0.38435	-0.054899
7.533	15.794	3.3922
11.481	2.935	18.327
30.369	12.136	20.421
-20.72	-14.442	-18.607
6.1943	10.282	19.044
4.1956	-0.72331	9.2473
2.3284	1.9882	14.979
-8.0963	-5.5132	-11.643
3.0343	4.8556	16.734
12.41	13.872	12.742
-3.6469	7.1868	16.838
21.671	13.038	22.36
21.974	7.5561	17.626
-15.661	-17.307	-7.4878
-14.397	-0.88471	2.0442
15.806	19.928	17.976
9.2941	7.506	16.946
4.6118	2.7765	-6.7983
-1.3408	11.043	0.12793
8.2649	15.932	10.184
7.6378	12.862	5.9943
11.182	18.32	7.1187
11.009	-14.162	27.441
6.2388	11.764	-4.7336
11.417	13.018	12.543
-0.70172	3.5229	-1.1133
-2.6886	-0.89292	2.3217
-6.1248	-1.4276	6.7199
7.2616	3.1671	4.6786
15.898	24.829	15.514
4.8048	2.352	-0.52942
3.2062	5.9815	2.3874
18.493	4.9218	9.3518
7.0026	8.046	10.335
10.5	-4.063	3.1007
9.8178	11.863	-3.7695
4.8802	2.2942	10.352
0.90537	-2.259	3.1336
-1.0794	7.1001	0.47255
-6.1426	-1.7571	3.723
8.0843	10.584	5.4112
2.4507	2.8373	15.306
22.766	16.829	20.294
1.5882	8.054	4.4042
7.6994	12.196	-0.055384
16.686	11.547	17.115
21.92	1.0316	11.172
-3.9609	5.1188	-9.4066
28.205	7.9369	16.287
-11.367	5.9672	-7.9768
2.1954	-1.9603	-3.903
6.1619	-1.7938	3.8082
10.085	10.123	10.069
0.53698	-7.3995	3.0854
3.8024	7.3281	11.479
6.3138	-1.6976	16.637
-10.223	-5.4812	3.2149
-12.844	-0.47401	-12.296
16.136	11.699	-0.52162
9.78	-5.6361	4.9712
2.6988	-4.615	-5.045
-1.9879	1.6939	-5.1856
-4.9614	-11.287	-5.284
-2.6417	-2.5815	1.5323
-7.1395	-6.3429	-8.5149
-16.163	-8.3141	-1.2053
-23.065	-4.2423	-16.014
28.061	12.059	8.4905
-6.5351	-11.426	10.724
-4.9047	-2.4949	0.70284
-10.354	-9.8734	4.0345
-3.3381	-2.3577	0.4763
-6.6816	8.4143	-0.10992
6.4735	8.1918	10.73
12.751	9.2179	17.062
-3.0786	-5.1568	1.8519
14.001	3.7984	21.007
-4.4247	2.0105	9.0438
19.67	12.857	15.48
14.217	15.556	6.7354
-17.397	0.90493	-8.1193
13.013	5.8567	5.4065
23.442	24.383	8.181
15.351	0.78795	10.695
8.8366	-9.3602	16.335
-8.5498	1.4683	-2.8025
18.541	-3.6718	15.319
4.638	5.1532	-0.82437
10.571	3.0817	1.3037
-11.544	10.993	-13.591
6.1384	0.94234	-1.955
-14.24	-11.724	9.0889
-9.9757	-10.666	0.80633
-2.3877	-1.9611	-0.67595
2.2532	-5.0098	14.183
9.065	10.551	8.6302
2.3407	1.9365	6.1423
-12.979	-10.396	0.83637
-20.454	-13.88	-9.3766
6.885	0.75648	-3.2327
-9.5456	1.1033	2.1244
10.179	10.451	15.298
35.268	16.688	25.413
17.282	7.6896	18.474
-2.8259	0.28744	6.1996
20.382	8.4243	6.6826
10.747	19.629	13.264
4.9561	6.4945	8.0038
-2.6068	5.9256	14.797
5.5818	9.709	-0.30047
12.187	4.1674	11.265
6.997	4.3456	11.207
-13.605	-0.6723	-9.9149
-31.188	-18.484	-17.75
-0.55033	6.3527	6.0606
-10.314	-6.3347	-3.1214
12.3	13.764	8.5772
-4.1141	2.3135	18.662
6.8562	-17.834	5.8369
7.383	12.495	8.7522
37.834	19.024	23.783
-0.47185	-0.14011	11.717
10.428	-0.28578	7.6696
0.11463	7.0159	7.2916
1.0854	-4.179	4.1587
7.9366	-0.27276	2.9134
5.9606	12.348	7.7977
3.6209	9.0829	-10.879
-23.932	-2.2947	-2.5752
17.381	2.1794	16.608
-21.202	-19.463	-7.5712
29.881	19.058	37.516
-0.90739	-9.2822	3.4049
4.3809	7.4641	6.8699
13.378	2.1522	22.827
12.682	-2.4469	17.978
17.749	14.245	11.138
0.7452	-7.957	12.429
4.706	6.4058	-6.9251
26.242	12.961	20.371
-5.4808	-12.084	8.604
-3.1615	-10.339	14.33
-7.5692	-7.6108	6.2046
2.1347	-5.3393	13.31
26.654	15.237	13.48
-10.731	4.1709	-5.0797
2.1011	-13.046	4.8884
5.3791	10.282	8.5557
-21.412	1.5757	-9.0455
-27.261	-11.359	-11.343
12.363	4.6819	-5.565
5.6188	13.888	8.4931
2.4744	-2.1763	-2.845
5.3181	4.6335	9.3253
7.514	6.127	-8.2853
16.502	2.9776	21.831
9.6895	26.71	4.4154
20.293	-1.1414	19.401
3.0211	8.5123	0.12544
25.499	12.984	27.628
1.3413	4.9179	17.807
-2.5985	0.28256	1.282
13.065	8.5634	8.067
23.353	26.615	21.284
7.7427	13.117	5.1575
-18.127	-14.302	-0.84303
28.747	12.002	14.287
-11.513	-7.2233	-13.705
30.773	14.378	23.656
-12.604	-5.6252	7.8995
7.6492	4.6018	8.3432
7.3587	10.335	7.3446
21.311	7.0584	3.7679
-2.4377	7.1197	5.5531
-21.85	-6.3485	-9.574
-10.828	-17.74	4.1227
14.41	14.607	20.183
18.421	10.204	19.613
3.8316	10.399	4.0852
11.601	3.5354	11.722
-2.34	-0.71079	-2.9742
-6.1183	-3.2102	-10.464
0.91328	1.9346	14.533
16.713	11.047	9.8423
42.012	13.208	33.235
-9.7803	-4.2482	-4.588
0.78956	0.96606	10.812
13.775	10.683	8.5588
30.095	15.787	29.84
6.4754	-2.6295	11.758
-3.256	-4.9643	-7.7564
4.2391	-7.1816	-7.3432
-0.80038	-2.3322	5.9929
12.235	9.0977	5.7409
11.382	19.481	17.512
-4.128	-2.681	-12.977
7.7034	8.8634	3.4468
-29.762	-14.225	-28.986
7.0183	9.8572	11.002
-0.86633	-0.94023	0.2062
1.7503	-4.2546	5.6076
-7.1079	-2.1835	12.25
-5.7381	-4.9999	-5.6082
15.098	29.806	6.2716
-13.057	-3.6454	0.03464
15.288	2.2025	12.305
9.4196	0.15826	7.0338
10.567	4.7635	8.4535
16.535	10.666	16.058
7.4981	6.6641	2.5739
-3.1894	-5.0403	13.723
-3.7988	7.071	-10.622
-5.5354	-4.5936	-3.6349
1.5257	-0.34511	2.4671
6.9409	0.96089	10.781
7.5647	5.398	12.086
4.2951	9.4884	4.3103
16.989	17.889	12.652
1.9654	3.4729	-4.6377
6.3688	7.0327	15.257
0.46033	6.498	8.5664
-7.0366	0.25264	0.089039
12.032	14.689	0.077401
-12.011	-1.987	-0.56587
-21.772	-10.628	-11.008
12.934	15.484	-1.2367
-12.893	-9.8935	-7.8129
-6.4803	-0.075064	-2.1222
9.3213	-1.0837	-3.2218
9.9701	6.0921	14.55
18.576	-0.2466	20.994
-5.1802	-15.447	3.0081
5.4236	-6.0424	10.025
4.6532	1.937	4.8703
25.62	13.16	12.252
19.534	8.165	16.393
3.1792	8.7529	0.59483
2.3863	-26.444	10.787
-7.8253	0.31331	-4.8759
11.454	4.6189	7.9844
18.731	7.4521	27.831
25.158	14.749	16.867
-15.019	-0.46738	-6.3529
10.364	2.5307	11.738
-4.3885	-5.5876	-8.7829
2.1692	-10.546	0.40395
-21.49	2.0795	-0.87754
-21.769	-19.969	-21.12
14.065	8.5125	17.659
-8.9255	7.6844	0.44956
-7.0515	1.9238	0.66011
13.042	6.9757	12.738
-7.3316	-2.5218	-14.167
-10.58	-9.5031	8.8291
2.015	-8.5483	18.138
-15.906	-4.9133	-4.9034
8.8686	2.7195	4.1303
2.6047	18.448	18.7
-16.709	-12.786	6.5221
-27.257	-12.859	-19.234
16.14	1.9352	10.769
8.9256	2.3726	8.0462
-10.762	4.934	-1.4079
-13.633	-13.133	2.1476
-2.9612	10.751	-2.2457
-8.1333	-5.5067	-6.9176
10.181	6.1806	9.6531
-4.342	-15.738	-12.18
-6.3355	-7.1528	-5.2434
5.58	4.6003	10.838
10.846	3.3495	22.022
-5.8565	0.68895	0.24975
-1.7698	4.2975	4.823
3.4197	3.7571	17.708
-5.9804	1.6917	-1.1514
6.1218	4.9614	19.777
-11.292	-4.5444	-9.5759
15.561	6.4814	14.256
-3.1665	-7.9007	-4.5481
-7.1069	-14.042	0.61966
-4.7855	-0.14667	4.5153
33.301	17.46	20.918
-2.9956	-2.6405	2.3822
19.059	6.4242	30.048
9.0397	13.686	8.2072
-16.132	0.78873	-8.7698
-4.5964	3.2263	-0.18845
-9.3145	-11.142	-8.1561
0.24761	-7.5162	6.7049
10.362	10.184	6.8712
5.2919	18.223	8.4234
-8.1787	1.283	-6.4881
0.77385	-7.2604	6.4308
-4.1095	1.0808	6.1259
14.094	8.8191	19.59
16.42	6.4996	17.238
5.3424	3.9114	0.51566
19.584	10.457	22.617
5.753	-2.7981	3.3862
19.642	15.663	14.694
-10.078	1.7087	-14.763
21.661	13.286	20.829
17.33	7.8017	11.015
-14.795	-4.5217	-6.0063
16.45	10.329	2.6464
6.7722	3.0581	17.733
16.053	6.0135	17.857
11.432	6.7664	9.2529
-12.189	-6.4112	-8.4925
-24.725	-7.9151	-14.339
2.251	-18.531	-0.49608
-0.02118	14.663	6.4773
-2.9047	3.0129	-6.0739
-3.8439	-6.1889	2.2042
-6.2143	-5.857	2.4713
-5.0252	-5.4898	-3.0588
-22.951	-24.491	-0.81468
24.649	18.217	16.554
11.565	-0.25463	8.1907
29.179	14.559	14.76
-17.855	-10.792	-11.916
-15.181	-8.7795	-15.682
-15.105	-0.50254	5.5688
5.8671	17.087	6.3238
-19.163	-0.71952	5.0647
2.3357	3.2062	1.8177
-3.6516	-1.1908	-2.1344
-9.5	-6.5571	-1.6333
25.999	18.235	24.793
-8.8236	0.2185	1.7878
-20.001	-6.1341	-14.05
-15.776	0.30382	-3.9679
-15.946	-7.8368	-11.92
14.558	22.604	8.7307
25.279	18.654	16.77
26.432	13.409	18.887
5.2196	5.8747	7.728
-1.1932	-5.1692	9.046
-8.9189	-8.2283	10.196
-5.8894	8.4816	-2.3505
-11.229	-2.1809	5.5376
-4.9948	7.5155	0.43473
-13.261	-1.009	-16.113
5.0336	2.1133	3.7551
5.2527	-4.6401	18.137
9.759	2.457	5.4774
30.219	9.835	21.784
-3.9413	-1.9807	6.3699
-1.6175	-1.4698	-0.27136
-14.647	7.066	1.6999
-11.255	0.42867	3.0553
-9.673	-8.5424	-1.1693
-1.128	4.9959	-5.4373
-2.8721	6.0906	6.9182
11.926	-8.4765	-0.22601
-2.1855	-7.4007	-2.4408
-7.8142	4.7102	-0.77079
-7.4167	-2.1826	-2.0335
-11.184	-17.393	1.186
-0.21901	2.5243	-2.7573
-0.71351	-7.2065	-3.3832
-17.791	-10.532	-8.2165
-8.6261	-12.94	-1.648
-6.8668	0.56616	3.7533
4.926	14.044	8.5311
9.914	12.318	7.5039
-0.68487	1.5183	12.349
-5.3281	-1.8728	12.12
-11.6	-2.6736	2.6219
-3.3012	-13.072	6.4699
-4.8853	-2.8692	8.6504
5.4856	3.2348	15.682
-9.452	-1.0595	-8.6619
-17.415	-10.942	-5.6229
-5.3178	6.8871	12.506
30.62	28.312	28.821
-9.5026	-5.0091	-0.17639
5.5089	-0.68685	14.281
-1.7717	3.1138	5.5507
-13.116	-3.5563	3.5632
1.8955	7.3286	2.8482
21.5	12.448	5.6014
12.583	14.167	8.1421
19.307	-5.6287	6.3952
10.349	11.656	9.3419
20.904	7.6652	26.818
18.412	17.343	12.89
17.327	8.4895	19.412
8.1202	7.1664	11.785
13.675	1.015	2.763
-2.1494	-5.0468	11.721
14.159	20.593	22.436
14.745	21.057	13.458
10.861	10.232	8.306
-9.0505	1.5639	7.443
-15.86	-8.3849	1.0693
9.3886	15.211	7.7007
1.6933	-8.2211	8.8599
0.36123	-9.7764	10.062
3.3962	0.3015	3.7112
16.035	-0.75493	20.059
-0.5979	5.628	-0.81069
2.4171	0.5225	5.951
13.353	-7.1557	18.029
7.6391	10.05	13.319
-10.113	-6.7304	-13.129
7.971	-5.3607	16.858
17.841	11.132	5.6229
18.315	7.9293	17.343
0.84195	11.668	7.958
0.30272	11.934	1.4579
21.722	19.663	17.761
9.4831	5.2309	0.62587
18.898	-0.83083	14.276
19.441	12.855	18.783
-12.318	-0.56306	-10.338
-11.042	-5.7629	12.518
1.1187	-9.4982	8.9305
17.29	3.4288	23.826
-2.7352	7.5759	-10.498
2.8569	-7.2948	23.889
7.257	-0.63939	10.742
18.819	10.674	7.8207
-1.1252	-1.1738	-1.9119
-5.7842	-8.4549	5.38
-16.353	-0.76849	-9.0376
-2.6136	-5.6268	5.3824
2.0795	6.0052	-13.931
-9.5484	-20.245	-3.1491
7.3568	-1.0988	14.069
-23.355	-2.1002	-16.825
0.75304	-3.8071	10.178
18.756	7.0437	10.458
-0.92122	-9.2372	0.48923
10.471	12.52	16.269
-22.788	-21.729	-8.785
19.693	14.535	22.272
19.641	18.009	9.7141
7.5446	6.8594	12.437
16.335	11.768	17.253
-3.1003	7.0666	-2.8217
1.4156	0.020612	2.3619
-6.276	2.0837	2.6514
-24.61	-30.898	-17.835
-0.12997	-2.5645	9.551
-6.2939	-19.148	8.8454
-3.8861	13.11	2.6978
1.2562	0.66002	3.5421
-7.3117	-2.8413	1.7047
3.9487	5.1214	0.91426
-10.179	-6.914	0.14828
2.6719	-0.30994	-4.1055
13.113	-4.9908	23.132
17.518	12.851	16.308
27.768	2.6957	27.574
-7.7271	-7.5491	4.2413
0.3349	18.324	1.4075
19.609	20.322	21.618
-0.93292	-12.547	5.7698
11.428	13.694	22.824
-3.7329	7.0652	4.1073
16.587	1.9695	8.2087
-14.032	-14.769	-10.485
-6.5092	-9.8503	-5.9274
12.374	3.2245	10.726
-6.5742	0.9074	2.5688
-6.9114	10.534	5.6448
-5.6144	-4.3299	-5.0196
11.776	16.19	13.818
5.8005	14.346	3.2787
-19.084	-7.4888	-18.72
0.4881	11.226	-2.9346
21.575	8.5818	25.554
5.8379	3.7839	1.0134
21.131	-4.9722	15.741
17.214	26.582	28.859
7.8574	19.429	-0.27013
3.54	-2.037	17.498
-13.417	-15.735	-1.7231
-5.4351	2.7809	-8.6711
3.445	9.4034	-0.97973
-19.295	-14.265	-8.7278
4.4613	12.026	2.6677
-5.3683	2.406	-5.5994
12.918	10.69	18.898
-0.75816	14.354	-2.5429
22.293	7.694	8.0175
-7.4333	0.53463	-2.3982
26.843	27.411	19.464
6.9482	6.152	8.9518
2.3799	-2.8382	-1.1139
7.0646	4.0121	-0.24137
16.332	23.908	6.9093
0.58262	16.991	14.115
4.6645	1.6698	12.549
18.951	1.9688	11.762
2.2007	2.3588	-1.3009
-13.087	-17.045	-5.4192
-17.412	-17.976	0.43876
16.036	6.3103	22.95
0.80909	5.9898	-6.6017
18.818	6.8662	19.096
5.3207	9.1237	3.3374
11.045	3.4211	7.3101
-11.024	5.2645	-7.7475
9.413	3.5335	14.474
2.1706	2.5873	-2.1739
15.189	4.8219	11.699
5.2188	11.68	3.588
15.18	14.038	17.642
-1.8067	2.4401	-4.9737
-7.4835	1.3472	-4.7859
0.28949	3.0162	13.179
10.977	-0.81497	15.906
4.4258	3.9088	7.2943
-13.15	-4.3889	-6.0759
-0.81952	-2.0155	3.199
19.746	17.779	9.2121
-14.307	-2.8433	-18.436
12.761	-0.42602	6.1688
-0.59705	0.71204	6.6015
-3.3012	4.0041	-5.9511
9.6528	18.703	13.107
-15.806	-26.765	5.0816
3.6516	5.5964	10.612
5.1886	21.547	2.7625
2.959	-6.4865	2.6776
11.493	10.525	9.1422
-9.6243	-0.8432	-14.791
13.531	4.9797	15.694
-6.0939	-3.1598	6.4093
-14.186	-4.6412	-17.726
-14.767	-0.38907	-3.4938
23.562	24.602	18.824
19.84	25.944	14.213
-3.5043	2.4311	-12.936
-12.485	-3.7405	-5.504
-27.166	-11.68	-10.069
1.1982	0.16481	7.3056
5.384	-19.395	12.81
-2.9684	-7.5837	8.0381
-6.2315	8.5674	0.30835
-3.1733	3.2241	-2.4649
19.913	6.9793	25.399
-5.0401	-7.1482	1.543
-1.2237	-3.2952	-1.958
8.9016	5.1101	10.715
-9.1193	3.249	1.3058
20.411	12.456	2.6616
23.358	5.6924	13.946
0.99282	17.186	3.8132
12.316	13.795	14.86
-12.023	-1.0983	-2.8885
-7.1825	-10.238	0.26101
17.687	17.527	14.081
-10.929	-8.2514	16.463
16.434	13.458	18.615
-15.78	-12.21	-11.712
4.2297	4.2193	5.7633
4.5623	6.8819	2.357
4.7763	11.433	2.3212
0.0027497	-0.73353	6.4136
-2.8712	0.0050339	9.1342
-17.213	-11.34	-6.0522
0.32483	0.070932	0.37472
3.7163	2.6029	-3.7863
6.7921	-5.2132	10.012
8.3758	8.8655	14.421
2.2068	2.0202	10.616
-5.7905	-9.8854	2.3754
-6.4146	2.477	-3.4696
23.021	19.754	27.927
7.9266	4.7637	17.357
8.0598	7.8764	7.5602
-17.664	-18.962	-0.50685
8.0272	8.9042	14.765
7.6711	5.3474	-1.471
-5.7212	-11.31	12.38
23.985	9.1854	21.288
6.3391	17.527	18.363
-8.4429	-14.889	6.9381
2.8456	6.9101	11.723
16.75	4.8268	22.137
-10.75	-14.424	3.3803
-16.234	0.78653	-6.691
15.172	6.3757	19.784
15.106	23.278	10.667
-7.8564	-5.2217	19.214
9.8996	1.2835	15.525
11.474	-2.7146	8.0067
20.549	4.323	21.677
4.2178	-0.93534	3.9546
1.2831	4.1079	7.6895
8.7064	3.0706	20.813
13.396	3.1098	15.459
1.6059	5.7299	-2.8805
7.522	-12.352	4.347
0.61695	5.0964	-6.8801
20.511	6.9423	2.7335
19.086	-5.9519	26.906
-10.34	-6.0486	-1.9209
24.639	6.1605	22.526
19.102	8.8592	8.0189
1.0533	-1.403	4.97
19.761	14.67	11.112
3.1172	3.8781	4.6517
8.9469	16.335	8.3783
6.0148	4.4465	16.556
10.01	2.3568	26.416
19.136	17.005	8.3576
9.2351	11.518	5.6839
9.4241	2.4959	14.226
-11.352	-10.253	-13.149
39.087	12.277	25.889
4.8836	1.2272	1.5315
-4.3821	-11.065	1.929
10.189	12.715	11.395
-2.6572	-4.823	5.5433
-5.3524	-4.7108	10.558
9.4639	-3.0445	16.085
6.4828	-4.7074	13.284
5.87	17.473	6.1009
6.7219	3.361	2.1143
7.9234	-0.67229	20.258
30.844	21.098	20.609
23.43	20.798	17.223
11.004	7.9673	3.0732
1.1213	2.5128	2.8808
5.7491	2.5224	6.3011
-20.963	-6.1102	-8.5701
-9.468	-0.64715	-10.688
-18.8	-12.465	-14.066
6.7491	-3.0269	-3.6143
5.4523	10.908	21.704
-6.878	2.7714	-15.842
9.8264	-1.0223	14.712
5.9793	2.2955	10.4
15.268	8.6269	12.174
18.59	8.918	20.587
-3.219	4.2858	-10.667
7.9748	13.902	2.9907
26.14	19.592	21.472
0.86958	4.5552	-8.2808
-6.3945	-2.4322	-8.7534
3.1764	-1.1897	-4.0014
18.634	9.7173	7.8134
-3.2331	2.3726	4.8546
3.7009	9.5366	-7.2309
6.3013	-1.4226	3.0077
26.672	35.239	6.4335
11.59	7.8306	20.011
-5.4074	-11.796	8.8636
-6.7195	1.205	-2.647
-18.704	-14.658	-15.74
-14.358	-6.8759	2.6222
-2.481	10.411	-6.958
3.8286	7.1856	-2.6136
-2.288	6.4075	4.2553
-12.252	1.5378	-25.281
15.599	-12.706	13.578
15.085	6.3028	4.4179
18.754	8.1359	-0.71928
8.1626	12.316	6.5412
-1.2756	11.326	-3.503
-7.8756	8.8302	-8.9833
7.186	-3.3852	16.194
4.0404	-4.9222	2.627
-7.3588	-7.5689	-12.687
18.993	11.526	19.176
-6.6022	2.7247	3.8064
-1.51	-18.717	5.0713
-5.8078	-11.449	-2.6143
21.255	6.6744	6.5864
-15.695	-15.865	-1.6758
-8.2022	-9.8721	-12.129
17.321	6.8412	15.395
12.983	2.5531	22.643
-10.227	-0.53006	-3.5609
4.5183	13.52	7.1682
-25.202	-12.672	-23.097
-11.029	-14.007	1.2747
1.7924	0.96637	-2.9201
-11.77	-7.5111	2.2536
-6.2874	6.5646	-5.2134
-16.169	-12.546	-6.5021
30.045	25.291	21.862
-2.151	-2.3388	-2.0376
-15.025	6.843	-17.824
12.35	6.7239	16.39
2.6411	8.6154	-6.2804
2.6455	-2.465	-3.7236
8.5671	4.9399	5.3271
-7.048	-6.1172	4.8392
2.2438	4.0835	-5.7467
-4.6677	2.6381	-1.7899
11.197	-1.1203	1.1397
19.857	-1.3075	14.075
6.6773	4.5911	2.8225
22.669	-2.1722	20.256
9.0308	-3.777	-4.5311
9.5884	5.563	1.8827
16.047	1.4997	16.018
-1.7921	2.4664	-4.6516
-3.364	-2.8952	8.2179
18.084	-1.5927	10.199
8.1553	9.7275	-0.079303
-10.659	0.35635	-9.2379
13.713	16.942	14.813
-5.3028	-1.6206	3.3001
-0.29298	2.3304	-7.687
-12.292	-12.601	-0.20218
7.2734	7.8035	-10.596
-10.687	6.5083	12.559
-3.5563	7.4916	-4.5418
13.374	9.6958	21.335
12.234	-3.2523	2.808
13.089	-6.8665	23.944
-9.0826	0.47765	13.316
-2.3107	2.0201	-3.684
13.337	-2.7644	3.8161
26.061	16.025	17.292
-1.7611	-7.9541	12.493
-0.38176	-10.63	7.2911
-5.6077	-10.792	-3.9898
-28.412	-13.158	-20.582
10.862	3.9496	18.275
5.9621	11.003	2.0069
8.213	8.3911	11.91
-5.6369	0.57504	-3.9432
31.445	18.535	16.81
15.105	3.649	7.4488
8.1112	-4.9976	12.113
-12.458	-6.7186	-16.141
23.161	11.369	18.111
-6.6986	-8.5708	-2.6925
16.441	8.0271	18.565
29.544	10.759	27.11
2.6948	9.4673	3.4954
13.682	-4.2029	7.6747
-8.884	-9.6047	2.9037
2.6004	-5.5836	-5.9606
-19.5	-6.7981	-10.085
3.132	4.02	5.6001
-1.7336	0.41116	4.9755
-5.9831	-7.0933	-0.38598
12.142	11.461	2.7962
-0.48816	-4.5522	-3.4004
21.429	8.86	21.373
4.8582	-4.6359	-5.2568
9.1451	3.0769	10.982
-28.824	-0.072398	-25.082
34.188	15.814	22.297
20.56	9.9972	10.457
-18.348	-1.2082	-2.8994
7.2673	12.619	21.292
10.188	7.258	9.7032
-13.165	-2.5984	8.7447
15.573	15.769	11.455
-3.3375	5.5067	-4.8644
-13.681	1.3912	-5.6188
15.781	5.1108	7.8119
6.1127	-2.8097	-1.9688
-19.776	-0.42401	-17.762
-4.4989	-19.001	13.456
6.7531	8.3956	23.315
15.432	15.417	-4.232
-5.5283	8.2551	-15.615
3.8105	-8.85	5.4159
1.7188	11.219	12.784
-28.22	-13.647	0.45551
6.8949	6.5049	6.9135
16.474	5.0978	21.128
8.7619	0.68067	18.561
4.2861	1.4831	8.2393
1.2391	0.67276	11.113
19.663	2.6354	11.984
-0.42908	-9.6964	0.8283
-4.7825	-15.481	-1.5385
0.80742	7.9964	6.3243
22.599	-1.5206	10.296
19.115	15.876	11.193
0.4638	-8.9455	-0.2365
14.665	5.5457	8.7548
29.637	27.377	22.991
6.4471	4.0419	11.972
-12.34	-4.3731	-8.5367
-7.4812	-11.516	-1.3944
13.591	-1.4245	8.584
-15.4	-8.2273	-5.1633
-0.036375	4.0806	-9.5561
-28.38	-16.549	-21.278
-8.1283	-13.078	-7.6902
-0.011635	13.197	3.1028
1.8912	-9.2425	-1.9931
17.961	-4.6847	13.81
15.145	15.981	14.347
1.4408	-2.1548	4.8278
-5.851	-8.0237	-12.29
8.0467	2.6338	19.233
29.81	19.046	16.809
4.3228	1.3754	6.2724
17.896	9.3014	6.6321
-4.3365	4.3386	1.4154
-12.682	-0.28024	-12.606
-0.041362	-3.8085	11.236
-8.8716	-5.931	2.2354
13.2	6.6889	19.473
7.3248	10.447	10.302
-1.0464	-9.0639	11.125
-31.277	-3.1773	-20.328
3.7722	11.021	10.727
3.7964	-2.6909	6.6161
16.877	22.575	20.282
10.185	13.59	10.459
-17.693	-9.591	-9.3497
5.1423	-8.0317	9.3983
1.7644	0.12952	9.7858
-3.6963	-3.9926	4.1055
8.2067	6.1337	6.3031
13.632	8.0677	16.802
-3.6668	4.5056	-2.0235
32	28.359	32.534
-5.8592	-2.2373	0.90777
14.597	2.653	18.509
-7.599	-11.773	-5.4036
6.6418	5.5239	15.214
3.1708	-0.99553	12.762
7.3355	17.099	14.253
-1.5363	6.9368	1.9215
10.402	1.6142	7.9574
9.7827	7.8205	21.059
3.7095	2.2426	6.7408
-18.041	-0.94658	1.9026
0.62591	7.9409	6.0218
-1.995	6.253	6.0821
0.99103	6.5248	12.852
-4.6701	6.5756	-1.3869
7.2349	-10.569	19.168
17.979	10.998	19.448
7.314	4.8906	16.304
26.548	19.603	9.8017
-20.552	-8.5305	-5.7958
-1.3781	-3.8144	-5.7403
9.4118	18.335	8.9702
19.929	8.2382	12.023
6.0489	13.366	13.554
-2.9722	9.1849	-5.1401
-13.049	-1.9297	-5.2983
11.314	13.773	18.705
4.5736	12.764	6.8833
13.52	6.273	15.145
13.975	8.5637	11.674
5.874	13.005	-2.6315
14.404	22.796	9.3058
-14.515	-5.2044	-5.2085
-19.229	-11.472	-1.8898
-17.19	-5.0965	-7.667
17.965	24.25	6.8494
-15.015	-5.1148	0.9137
7.5097	-5.2783	-0.42447
3.242	-1.7325	-5.1072
22.8	13.377	3.817
23.903	15.757	23.381
-0.28474	-5.0151	2.751
-15.675	-5.2814	-2.7963
21.502	5.1921	34.731
3.293	7.0887	4.5885
-14.883	0.743	-12.196
-21.244	-6.3392	-17.203
-1.0302	0.085644	-6.5163
-23.424	-4.5832	-18.038
3.7037	-9.8746	19.246
5.4598	1.3589	6.0695
1.3015	-2.98	-5.5853
-16.862	14.853	-5.667
-5.1205	-0.096161	-0.52994
24.024	18.727	14.815
-30.695	-17.55	-20.679
-4.512	2.4271	-4.9507
19.335	22.879	6.8049
3.2942	2.9064	3.7412
-10.017	-14.741	5.4264
8.2592	3.1556	4.516
11.694	16.357	9.2529
-4.9631	-7.1488	14.809
2.0927	3.3305	6.7005
-14.471	-2.9209	-2.2368
9.6439	12.496	14.514
-2.1947	2.2209	4.0036
16.801	16.464	12.098
-7.0463	-2.3294	6.6995
24.766	1.6404	17.77
-1.921	-8.0287	1.8936
22.044	11.636	22.21
8.7729	16.712	24.238
14.452	26.13	15.191
3.662	9.5586	12.049
-4.4287	2.7547	5.7475
2.1014	3.4191	1.4759
8.5429	1.1933	10.503
16.027	8.2134	15.321
-0.53146	4.4352	12.034
0.75028	1.7194	-7.2208
2.2768	-3.4794	-3.7195
12.437	20.945	14.827
5.3721	5.0414	5.5601
15.688	10.226	14.665
10.977	7.4813	-7.0775
13.267	6.3387	17.07
-11.965	-5.0981	-7.1693
-4.7081	-4.1648	4.1418
17.626	12.09	9.9974
-16.197	-11.869	-22.069
2.7699	-11.114	0.43624
-0.79233	1.3045	1.5609
2.3693	5.4291	6.8605
-3.8475	8.6541	0.62757
0.90278	-3.9995	8.2442
-5.865	13.121	1.0012
-4.6396	-8.7226	2.3243
33.63	13.202	27.58
-1.4306	0.041619	-6.0814
-0.28286	5.142	15.403
1.6077	3.2709	2.5102
-9.8063	-3.7736	-1.63
-10.875	11.883	-0.61157
1.51	2.732	-4.837
-2.3461	-5.7613	12.699
20.18	-1.1053	19.012
-2.8998	12.563	-7.5101
2.9281	6.1573	-4.3059
35.965	12.5	14.203
33.898	7.1427	31.643
-2.8005	2.4014	3.1923
34.803	23.903	19.061
5.7684	2.5472	1.2501
20.688	-1.859	19.671
-5.3462	-0.30821	13.117
2.2979	2.9779	12.039
14.783	19.187	8.2498
-4.7912	-10.742	6.5007
22.004	15.607	8.9402
11.454	18.785	23.081
2.6578	-8.6089	7.3566
7.5332	-0.8727	16.828
2.7605	-0.69535	-1.4908
-12.584	-17.983	2.7495
13.849	8.1302	9.4524
19.107	12.408	11.911
-0.6251	0.56788	-2.591
-1.1197	-10.996	11.209
10.71	1.983	5.7946
-7.4283	4.9145	-8.3912
16.215	10.847	15.1
-5.0621	3.2451	-13.173
-0.41061	6.0475	25.44
22.837	13.718	3.3669
-17.049	-0.72787	-17.952
9.9897	-1.8209	-10.928
5.4372	-1.0392	14.614
-10.223	-0.53206	-16.612
5.8016	10.506	2.4348
12.555	2.6578	22.693
-1.5296	-18.692	3.7727
2.2656	-0.02513	-7.5047
9.9475	4.8283	12.507
-20.034	-23.059	-22.193
19.085	-13.988	16.998
13.124	9.6574	7.4818
-6.7917	1.7229	-4.9506
9.6449	4.2993	13.628
8.7896	14.705	8.3049
-5.1292	-5.2304	2.4857
-6.0082	-8.7811	-9.5329
0.70882	5.9267	-4.0284
-1.7299	0.76879	0.15911
2.711	-8.596	6.4525
0.85306	-10.732	-5.6578
17.516	10.084	15.414
16.396	8.2924	12.776
2.8478	1.566	1.6823
12.991	3.1019	2.0601
-3.0141	3.105	-1.4415
7.6664	5.6753	4.2622
-2.4184	-8.1746	7.7903
5.5423	-1.4597	13.451
5.029	-10.477	7.9845
2.0993	10.986	7.8509
26.927	-1.8156	12.109
7.7172	12.077	7.3786
13.361	-12.883	15.447
20.043	-2.4646	13.046
-0.92486	-7.2849	3.2793
-18.357	-21.803	-5.076
6.5034	4.6012	1.5065
-13.521	-4.1056	-2.8598
10.703	19.125	10.844
10.638	-5.9095	20.734
-4.2771	1.3526	-2.0942
-0.52089	6.7988	-1.2983
10.966	-7.0375	21.937
20.308	-9.091	7.1575
6.2833	12.358	12.138
9.7242	1.0759	19.039
13.488	-1.771	26.105
-12.907	-7.7821	-5.2389
-6.4703	-7.9218	-8.5959
-16.392	-9.8611	-19.419
12.051	0.95769	13.978
15.417	-7.1385	8.4552
0.10785	-24.573	-3.2078
6.3691	-20.168	7.7916
-27.78	-17.12	-4.1924
16.257	7.2998	12.756
-5.2702	-15.149	-5.1351
-3.6273	-13.752	7.9419
9.8306	-1.1311	-3.938
13.049	10.968	18.822
17.173	8.5831	11.338
-2.408	-6.0588	7.5129
-0.59816	-7.218	5.7666
-10.505	8.4603	2.6538
-20.061	-9.505	-17.319
6.9896	-1.4717	6.8725
17.055	1.2618	13.001
-2.3003	-10.801	10.384
-17.135	-11.404	-25.02
4.4542	-9.7251	10.318
-4.9043	-25.223	6.9307
3.3289	-6.9526	-1.6826
3.0498	-7.3181	8.9237
-4.083	-2.5086	10.811
17.81	10.642	17.701
22.401	5.3255	21.104
-12.762	4.3081	-12.168
-1.2212	-8.3537	5.3667
-13.065	-15.459	-10.013
14.774	7.3041	7.5243
-5.917	-5.7971	-0.50473
-3.3432	-8.4657	11.722
-8.607	-25.744	3.2211
-9.8155	2.9613	-1.6642
29.846	5.3132	20.884
3.2724	1.5788	3.9338
-17.248	-17.247	-5.9355
0.069353	-1.6994	1.5437
5.7085	0.42135	8.2258
10.168	3.6745	15.639
16.874	-2.4965	2.0638
12.203	3.8001	-0.078803
13.531	-10.643	14.812
-3.6775	-15.075	7.1494
13.577	3.9002	9.2056
13.385	0.61656	4.8729
-28.677	-30.358	-16.296
5.2763	0.48388	-5.3603
16.411	7.0252	16.07
-9.1382	-23.526	9.4464
-4.6519	-6.5409	-4.7574
20.415	11.5	6.5056
20.933	11.374	37.191
21.872	6.9913	21.867
3.7551	-2.1081	1.2476
3.5401	-10.719	13.53
3.6521	-14.654	0.88026
2.0241	-7.3185	14.107
-0.053928	1.9966	2.5417
-13.199	-16.201	2.0946
-6.1648	-6.1033	-6.5895
8.6582	2.9509	15.661
-10.868	-17.084	-7.1992
-2.4503	-8.7313	13.187
-2.8968	-11.973	5.3356
-2.3404	-16.033	7.2051
-7.9565	-6.3168	0.76234
17.031	3.9966	25.995
13.935	2.8655	6.2202
-2.499	-14.051	0.72127
9.5977	-1.8288	13.858
-1.3419	6.2103	-6.0038
15.47	-2.0067	17.101
1.2681	-0.37125	-5.0386
23.113	0.41472	11.325
-13.371	-13.179	-10.417
14.286	2.6849	4.1984
-3.8809	-12.069	1.4375
3.322	0.034242	-2.68
-17.38	-18.899	-4.286
4.0139	-0.59378	-1.9496
11.028	-9.8044	16.089
-2.011	-17.727	1.7339
6.5256	-19.801	9.2394
-5.3439	-3.7548	4.9665
-13.102	-16.266	6.5944
0.069854	-5.1714	11.95
8.4169	-2.2939	6.7515
10.415	-14.174	9.2691
20.354	0.021634	-1.5124
15.053	6.626	21.573
-7.4603	-12.969	-0.62146
12.228	0.10268	10.08
0.21714	4.0598	6.999
14.679	11.177	12.746
-0.73991	-3.5426	8.9379
-0.90477	2.7786	5.1969
18.323	9.1479	14.378
12.379	-4.4263	4.6912
-8.8139	-6.1052	-5.7223
23.423	-3.066	13.279
7.1768	5.4579	16.413
7.2152	1.6968	21.725
-3.5167	-3.5931	-3.8489
16.253	-8.7423	19.791
0.10809	8.4469	8.5159
28.796	17.714	21.624
-10.429	-7.893	-0.71161
21.769	2.3375	38.437
18.178	20.616	14.309
11.893	-1.6829	17.628
1.0358	15.922	-3.9707
9.0076	6.6475	18.503
9.1077	-6.8545	25.903
5.5736	3.5214	7.0465
17.168	6.489	13.053
15.307	-4.6611	8.7964
-4.8884	-16.907	14.061
-17.519	-14.33	-15.936
2.3294	6.0549	5.3969
1.2252	-5.7832	8.4218
-3.5372	-18.928	8.4743
34.052	27.746	32.36
17.532	10.324	16.285
12.314	4.4357	14.513
9.6841	-2.0451	22.494
37.176	7.7026	37.884
9.1836	7.6248	7.9527
23.088	11.295	23.651
5.3343	4.1682	1.809
-5.2625	-17.788	5.9172
9.0042	-7.4043	5.4606
-11.259	-12.862	-7.0328
17.226	1.5598	9.2883
10.958	7.3808	10.714
1.2069	-9.6335	16.424
8.3029	1.3893	5.101
-13.242	-13.69	-8.7165
18.276	16.396	33.47
1.6315	-0.42489	6.1673
5.3403	-6.8124	7.7338
8.1084	19.252	-0.81695
7.6744	3.961	8.244
-16.288	-6.2072	1.6287
9.3704	1.0963	4.652
17.571	4.524	16.132
16.672	12.062	26.63
22.559	0.64801	24.821
-9.2347	-8.6842	-9.0435
9.3115	5.9403	1.2709
-2.269	5.6359	2.5555
21.567	7.3541	16.223
9.2832	11.485	10.232
22.139	13.34	37.502
14.503	11.93	14.935
4.6935	-13.814	14.704
-13.761	2.4979	1.1782
12.397	-6.5643	21.299
-11.004	-4.9966	-9.801
8.8062	-4.2117	28.673
1.2498	-2.1033	7.0955
-26.914	-27.097	-5.8084
-14.128	1.3587	-10.469
-13.12	-4.8164	9.6162
-11.224	-7.1358	-7.4631
-5.9622	-5.923	5.3376
11.203	9.4994	11.456
-5.4501	-4.3293	0.060338
7.5723	-4.5892	-7.2244
-4.3977	4.007	6.7238
-6.4819	-3.5414	6.3841
6.579	10.706	12.075
18.023	8.4491	10.135
15.14	4.0862	20.78
2.469	-15.233	-1.1866
20.353	1.2499	22.438
-3.1975	-0.92692	-2.2097
-6.3102	-2.9659	-0.61944
16.001	6.4533	-5.1908
18.626	7.6833	28.674
-4.0586	1.5644	-3.6878
9.5482	9.3365	16.452
-10.586	4.8125	-0.8238
15.781	9.99	11.521
-0.53599	-1.3428	10.768
-4.7684	11.607	6.7499
15.047	8.1149	8.4591
-6.4431	-6.5896	-3.2927
19.402	12.302	15.009
9.7804	5.2545	15.172
-13.509	-10.786	-19.258
18.314	-9.6749	22.357
15.217	0.73293	11.066
-8.1746	-2.6664	-0.65077
17.917	9.2121	12.795
-15.226	-10.543	0.61204
-1.7265	-5.8755	5.9918
5.3248	-16.324	1.0821
-4.6391	-19.279	9.5155
-1.2012	-4.4909	5.0454
-18.125	-23.398	-4.9145
2.5537	-19.737	8.1739
-8.6908	-8.3138	11.045
21.515	15.719	9.1456
11.402	-19.514	11.062
22.894	-4.9863	12.445
3.1213	13.659	7.5455
-5.6622	14.932	8.4354
-3.805	-18.318	-2.1238
21.333	-5.7269	19.902
-13.377	-8.0685	-10.143
8.0666	-6.9116	13.158
27.564	7.602	11.588
19.338	18.357	27.26
-1.5908	-13.802	-1.1658
17.548	13.909	13.885
14.963	1.9432	18.273
-1.7489	5.7299	4.9001
19.411	-4.8723	23.593
-1.0759	1.9824	1.4283
7.9138	7.8612	4.6344
-6.8948	10.042	-1.9457
17.767	8.0233	22.452
11.159	11.434	16.158
3.6445	-2.3022	6.0238
-0.65503	-0.35252	1.6876
-1.7894	-10.041	9.4256
4.2454	5.7604	10.1
19.266	13.392	18.477
25.703	16.243	4.4364
-10.656	-10.11	7.346
7.9676	2.7448	21.159
5.3491	0.84915	10.022
2.7955	-10.55	5.9912
18.093	11.374	20.179
-2.4405	-9.6176	4.0416
-11.384	-7.2464	-12.492
5.4373	-10.979	21.399
0.98783	-9.4738	1.1038
31.161	24.319	17.549
2.9568	-3.3056	-2.7495
12.039	1.6597	14.849
-13.711	-16.771	-14.214
7.0389	-2.5076	6.9092
5.6426	2.893	3.951
-2.4103	-11.756	10.511
-28.226	-24.816	-20.584
-16.725	-6.4836	-7.3462
2.1009	-15.293	9.8507
3.5912	12.283	5.6538
8.3744	10.541	7.4834
-7.0191	-3.4241	-2.4434
-1.841	-5.6659	0.3834
-11.16	-14.988	-5.7604
-0.22232	2.6628	9.1751
11.086	3.2722	22.497
5.0299	-5.152	13.3
-9.0508	-10.022	12.69
-6.0148	-7.0123	-9.5723
8.7662	1.1987	10.278
-18.528	-12.45	3.5406
11.51	9.6152	16.428
6.0017	-16.985	11.08
-2.3894	-4.1757	-13.275
4.0447	7.1138	5.4071
-14.674	-14.479	-1.1997
9.4927	-11.041	-1.3604
3.1962	9.8101	-1.6759
13.302	6.5103	2.3531
-8.6832	-11.006	2.8167
11.171	13.916	9.9545
13.017	-9.0794	1.134
12.477	11.469	21.262
17.41	3.6731	13.411
-12.654	1.9143	1.2403
5.7634	2.3731	14.989
3.4402	2.6297	-1.1397
17.939	14.614	28.034
16.707	-4.4385	15.69
18.499	-1.3541	15.382
22.173	7.1846	25.381
5.4942	-8.9314	8.7236
29.012	13.535	23.303
-0.047779	-4.1156	13.549
-12.744	-13.981	11.93
-2.2452	-5.6968	5.7525
4.9349	-5.7741	-4.357
4.4417	-3.1772	10.699
16.898	3.5541	25.839
-26.732	-18.694	-2.3858
6.654	12.462	13.43
4.6794	2.3034	8.4491
7.2114	2.6821	1.2669
3.5366	-7.1087	1.199
6.3791	8.702	17.524
14.436	-9.14	-6.5639
7.0665	10.105	8.1782
4.5605	-0.94606	10.234
12.687	-4.2829	10.983
10.479	4.5234	16.123
1.9339	-10.09	11.508
-10.459	-7.2305	6.9077
8.404	12.486	9.0512
14.425	-3.2603	14.94
-10.663	-19.777	-10.116
-2.0859	-12.523	3.5935
5.2564	8.921	11.724
-9.5582	4.6755	-16.539
4.0307	14.824	1.0185
2.9165	8.7681	6.5007
-3.189	-15.876	-10.556
19.865	3.7854	25.59
15.931	6.0208	13.633
17.966	4.6112	16.926
7.4536	-2.125	-5.5133
4.2356	0.24935	11.691
0.17419	-2.475	4.4707
0.9101	-9.1786	8.5797
7.7919	-0.25247	18.115
0.8714	-0.6772	0.67539
30.951	4.0386	28.707
2.7077	-12.859	15.122
-4.3695	-4.0033	-10.85
-0.017398	-2.0814	6.5328
16.096	13.006	23.837
4.2204	-0.82358	19.048
-10.981	3.1085	-6.458
16.183	8.0052	15.245
1.9112	8.0697	4.4296
22.925	12.03	22.079
8.3664	-1.103	10.601
1.4127	9.2265	9.0588
8.4643	-5.3713	3.6553
10.048	-8.7159	10.438
18.436	-1.4271	5.5854
-0.62233	-10.127	5.3117
9.5474	-1.5246	11.129
-14.394	-13.224	1.1641
3.986	-11.998	-1.3885
8.8867	2.834	16.377
18.647	9.5862	22.192
-2.8193	-11.125	5.2072
11.642	-8.042	17.152
-6.7298	-6.3279	7.265
29.071	0.080154	17.481
1.0613	2.1645	-2.8828
-11.354	-9.3106	1.2909
28.243	9.8297	24.783
12.507	-7.1797	20.036
0.78599	-15.888	3.8309
17.261	1.2279	14.904
22.146	6.729	24.729
7.3831	4.1133	11.272
-13.542	-20.737	-13.519
20.519	12.064	7.5064
21.3	18.196	11.349
24.979	19.997	16.644
-9.2138	-6.3209	-6.614
20.96	9.4196	20.192
9.5929	9.0701	16.284
-14.409	-9.1254	2.989
8.3558	8.4698	14.183
-6.2115	-5.416	5.1684
0.67845	-12.014	1.1464
9.524	-22.522	-6.8505
-8.4024	-22.961	-0.66331
-15.151	-24.338	-13.215
5.3615	-5.8399	1.315
-8.9287	-18.396	4.1374
-6.7369	-7.5883	-4.722
28.648	13.777	23.469
13.225	-11.227	10.31
5.6453	5.8961	-4.504
17.768	19.029	17.722
10.762	-4.5535	18.842
-12.936	-15.163	-14.492
2.6266	-9.5121	3.6468
-18.526	11.583	-15.016
23.524	9.1149	21.458
13.508	6.1032	3.6847
20.406	-7.1167	35.366
7.231	2.9453	18.051
13.875	2.596	15.211
-11.889	-5.8121	-7.306
7.7129	-11.98	-5.587
9.2421	-0.14643	3.3192
-1.7225	3.4735	-3.8309
9.5427	1.9908	23.719
8.9229	12.403	-6.7364
8.4282	-2.7139	7.5385
-0.64519	1.1403	-0.19419
-17.429	-24.192	-13.387
26.747	3.8475	32.197
6.0881	4.6957	11.907
27.843	12.721	26.248
4.0161	11.087	-7.1633
-1.7266	-7.0627	7.0657
31.084	-1.7972	20.661
12.725	13.728	10.354
8.6957	-12.68	9.2552
7.4706	8.9253	12.927
24.328	15.025	18.44
-8.6638	-12.228	2.4545
0.13882	0.053337	4.7796
17.265	-1.9065	22.38
-3.6479	-17.484	3.9908
-7.668	-13.634	-7.4164
-25.798	-9.7923	-25.746
4.9258	-8.5914	2.8628
9.1126	11.203	15.638
6.5912	3.0247	2.933
13.903	8.2598	12.088
27.124	12.148	31.031
10.047	5.7151	13.922
-7.7871	-5.8534	-0.48774
1.1432	-8.3581	3.9757
27.241	9.3114	16.986
10.768	14.992	31.884
25.336	13.311	18.845
11.743	9.0249	8.1489
6.3363	-0.71431	9.2634
10.507	-6.2382	15.022
27	-1.5749	28.38
-2.4255	-3.6626	6.6594
-1.4977	-5.2823	-3.0599
14.042	-7.6461	17.086
9.6025	-4.3558	13.55
15.474	8.9343	17.272
-4.517	-3.0952	-0.0057547
8.782	0.95912	3.3802
-7.1376	-10.799	5.9052
1.7357	-5.4531	15.447
15.799	10.028	2.4322
9.7474	3.5462	21.566
6.9028	-1.9714	-4.359
27.471	9.1698	17.649
6.8172	-1.6315	5.3276
26.581	2.7986	13.314
4.3899	-5.8451	-0.62174
14.792	3.2428	18.389
9.6969	-1.9368	0.17619
-9.244	2.0004	1.1187
20.818	-15.969	22.639
-6.9032	-8.2474	-5.505
18.173	6.8225	20.575
21.676	13.194	25.374
14.733	-3.9775	16.533
15.601	-11.285	11.806
18.716	19.119	9.9757
0.92526	-7.6871	5.4494
-13.914	-24.405	-6.5747
-23.99	-32.491	-14.811
-6.1242	-0.35455	4.9704
-20.148	-10.734	-21.423
17.301	-0.75276	18.53
26.803	3.6391	27.566
6.5724	10.881	11.744
14.422	-7.8038	10.995
19.007	3.5825	15.451
-20.201	-16.091	-9.9107
25.728	7.7753	9.8482
-6.7586	-3.396	-6.9494
8.3522	-9.3971	-0.76409
-9.8301	-16.113	3.9416
7.4406	-23.669	7.0335
6.2486	-2.9558	15.059
-1.6947	-4.2473	4.499
-1.4291	-7.8943	4.6456
21.3	3.6269	2.4891
39.935	23.216	28.739
-3.7831	5.9361	7.2018
3.6846	3.5659	17.621
19.498	4.786	12.445
-14.921	-17.586	-4.1491
-7.6868	-10.588	4.2379
12.686	16.172	17.625
-5.8069	5.6149	4.7855
12.051	-0.080479	14.972
23.211	3.7114	18.835
11.955	-2.2595	12.971
-12.245	-5.5894	-8.5154
11.964	-4.3258	8.3023
19.798	7.7747	25.958
14.701	13.989	-3.7341
-1.1745	-7.8098	0.077184
12.241	5.516	18.418
6.0463	6.9773	18.859
10.437	5.8223	5.6135
14.516	8.9046	15.83
8.7987	22.485	11.856
-5.8414	-1.4501	0.33574
23.316	6.255	17.832
-3.2316	-12.751	4.0366
12.033	-0.57067	24.515
-0.33	9.2149	13.554
3.2088	7.2073	7.537
12.33	2.9077	19.29
9.6961	0.24876	10.967
-4.9743	-8.667	10.865
-3.3787	-7.8318	7.1731
10.836	-13.855	11.673
12.346	6.429	19.173
8.14	-5.8225	7.7006
17.663	3.1491	-5.948
17.323	1.8085	20.673
6.9944	0.67927	16.602
25.454	16.157	23.278
-4.7959	-12.444	-5.6882
10.879	13.609	10
8.0066	-24.088	16.725
-1.3119	-11.674	7.9119
15.66	16.297	13.473
0.96348	-3.5563	10.292
-1.9111	-8.7646	-9.8223
-0.16358	2.7939	3.7606
12.539	0.51303	19.178
-0.45434	6.6428	19.235
14.575	12.209	12.873
10.915	2.7589	18.385
-3.4317	-14.505	8.9913
16.329	7.1668	18.36
-14.424	-19.722	6.5154
10.02	2.7226	4.5856
1.8165	-4.1481	3.3156
12.899	3.9131	18.827
-18.186	-11.538	-8.7857
12.772	-0.16704	6.084
-7.9383	-9.3532	-0.70621
3.6322	-6.9162	11.174
-8.37	-21.039	0.44655
7.9531	7.8629	-15.789
14.931	3.2976	17.584
-6.2784	3.7135	0.81486
8.4064	1.0379	10.234
9.5401	-5.2717	2.5705
-5.7099	-20.811	0.96791
-13.781	-17.864	6.9455
-7.4969	-2.6119	8.1521
-7.3859	11.111	-8.8102
-21.716	-12.31	-13.224
-1.9072	7.9633	-7.5507
-7.8553	-17.018	1.8243
-1.1166	4.5091	5.6355
-6.4226	-10.957	5.4071
-7.2441	-19.218	0.77686
18.437	-2.0449	13.525
-10.185	-4.6911	-2.3742
-0.30398	6.7964	10.146
5.3044	-3.4392	1.7603
-8.3164	1.4382	1.3838
-1.046	-6.5572	9.0535
9.0652	-4.8077	13.844
21.499	13.229	27.37
-6.0973	-6.6677	-1.1794
3.2934	-5.4738	15.989
-0.073258	-12.608	-1.6403
-8.2208	-12.792	-14.789
21.985	0.73246	12.686
10.762	7.7433	8.7016
-11.737	-33.522	-9.4653
-4.0213	-11.157	-4.2772
21.897	11.301	20.18
-1.1149	4.1367	-4.53
-10.867	-17.278	-2.1935
5.3018	-1.7031	6.57
11.601	7.6548	14.712
-13.381	-20.498	-9.5001
11.519	-0.71507	14.208
0.05403	0.26832	3.5748
1.2922	1.6138	4.5652
-16.687	-19.604	16.049
-0.85235	-12.492	18.616
5.1378	-8.8445	2.9598
-1.1395	-10.174	17.274
9.2226	-1.7648	10.176
12.806	-7.2666	7.3129
5.3446	-13.071	7.8034
-9.8309	-3.8469	-1.1266
11.235	-0.145	10.005
9.9684	-12.348	-2.7395
16.839	-1.3809	12.725
-11.159	-8.8667	-4.8026
11.852	5.0162	7.8261
13.784	-10.469	14.13
-2.1107	-17.343	2.3034
3.6826	2.2972	15.969
7.9349	-2.0382	12.981
18.837	2.6595	9.0783
10.536	-1.5596	12.83
-15.963	-10.326	-2.4607
-9.976	-15.422	-5.7308
22.184	3.4406	19.102
7.3813	-3.7716	6.2098
9.6546	-7.6901	5.5713
19.379	5.894	9.4904
18.066	4.4725	2.236
11.915	-18.432	20.224
-3.9428	0.50064	8.7305
-6.3858	0.44928	0.63356
21.325	11.974	18.504
7.8942	4.5131	-2.0028
7.2673	9.4528	-6.599
3.5065	8.9938	7.3759
5.8163	-10.432	9.4175
-2.4791	8.7584	4.9797
8.4098	-1.044	11.308
24.047	9.602	4.324
-1.2881	11.726	-3.2213
-14.224	-15.941	0.35862
7.6802	-6.3618	7.4666
12.543	4.9521	10.986
-13.406	-1.3511	3.5447
-1.5594	-5.4372	4.8455
19.589	12.852	27.637
-12.584	-2.625	-10.675
-7.5715	-21.925	-6.6708
6.1395	-0.7691	0.69294
32.963	20.996	22.356
0.52113	3.2937	-4.5662
22.192	6.6926	29.503
1.6198	0.53302	18.893
19.384	4.9461	26.93
31.695	24.579	34.71
11.772	1.4165	16.167
5.7428	-0.32949	5.6818
-14.622	-5.8381	-1.2798
15.335	4.1156	7.8281
-5.7826	-11.442	10.182
31.324	9.9684	31.414
-9.0011	-17.744	-4.392
18.105	10.335	12.307
4.3442	-9.4706	0.14475
6.7452	-3.6639	-1.1139
-12.34	-6.5856	-7.8516
-6.9402	-1.8407	-7.128
-8.3418	12.222	2.1167
6.7495	-12.779	14.701
-1.6619	-10.073	2.453
18.368	-4.6111	11.553
-0.85532	6.1343	13.356
5.839	-8.7615	7.2357
9.7266	12.653	9.6089
-1.2057	-1.1757	-2.5508
7.0331	-0.86065	-2.1534
12.539	-14.694	6.9984
-9.9334	-18.781	-8.3514
9.7496	12.045	16.928
-18.282	9.1681	-11.763
1.6446	-4.3911	11.321
9.9979	-1.2872	18.1
10.109	3.166	11.4
5.8412	7.5674	5.9561
42.339	9.2283	29.388
-4.6366	9.1894	-0.26787
-0.74846	-8.1903	6.2618
8.9484	-10.716	14.898
5.737	-5.9877	11.66
-3.7302	-10.879	-1.8268
2.5853	12.041	17.16
1.31	-0.080868	10.747
-3.5121	-2.555	-3.1058
-0.73619	-7.5557	-0.23088
23.799	14.935	12.08
16.873	2.9181	20.558
0.34471	0.21658	12.143
13.005	8.5596	2.4316
9.8637	-7.7821	14.037
7.9237	-6.7372	7.8948
-5.2933	-16.047	-8.8874
21.919	7.4527	20.017
7.9539	11.097	8.5966
7.7382	3.0047	12.475
23.037	-6.654	31.112
5.9102	-1.4439	10.332
-6.3719	-15.353	0.50821
-14.88	-7.5043	-3.3811
-11.874	-14.667	-12.989
-3.8577	-12.582	2.2432
16.221	4.767	19.361
16.15	0.72669	23.669
13.449	1.6223	5.3484
18.348	14.824	16.302
-8.206	-13.151	-2.6023
3.6891	9.9888	-0.19824
17.31	6.6857	16.837
20.72	6.294	26.231
13.459	6.4433	11.282
6.2771	-2.0771	7.0768
-0.38938	-11.614	15.167
15.036	11.459	-1.6296
-1.3208	-11.33	-13.212
-7.5935	-17.43	-0.46936
7.4254	-2.8489	9.9828
-6.5551	-22.062	9.472
11.587	-1.7504	15.667
10.233	4.7434	7.8047
0.60849	5.6423	10.735
-9.1366	1.7593	-1.9781
7.0717	0.082369	10.637
-14.046	-22.857	-0.63397
14.128	13.538	9.204
-2.2779	-0.81229	12.482
-7.21	4.5531	-2.9411
5.5049	-4.0692	0.25351
14.77	-1.5012	7.4458
13.888	0.53269	23.882
8.1228	8.8869	17.968
3.5548	-6.2749	3.8502
1.2075	0.62308	12.124
-6.545	-0.9912	2.5905
11.213	-5.5778	19.564
9.7509	-6.5597	8.1253
-6.26	-6.0546	15.126
14.672	-6.4592	8.9614
-0.90022	-19.419	-3.6995
20.396	4.9554	18.564
9.6352	-3.4448	7.7748
-8.0132	-5.0094	-3.0718
-10.661	-1.6457	-6.1675
2.1537	0.033605	-1.6032
-0.73109	-13.604	21.582
16.154	15.178	3.4918
6.2623	6.0566	-9.9517
-0.28891	-20.157	4.0417
2.9412	4.0658	3.1844
-2.5663	-2.3497	-4.069
17.335	16.145	-6.4609
-1.4078	-0.83351	-12.861
-4.7203	-15.284	1.363
12.211	1.0833	27.909
29.144	4.7275	10.165
-0.45496	-7.8242	11.593
1.2271	-9.1632	2.6213
-17.251	-21.138	-4.0867
4.8016	0.36634	4.9648
19.823	12.268	22.34
7.6798	-1.746	22.13
2.6813	-1.9855	8.8743
-6.8344	-5.3433	-2.7899
-0.93961	-10.763	11.553
-10.548	-10.363	-17.833
-5.7202	-5.0329	5.5844
8.9614	7.7323	18.407
1.6271	-9.8127	0.12655
-9.0466	-21.111	2.7125
-9.8168	-20.133	7.0055
5.1485	-13.471	12.622
-5.0211	-11.744	4.13
16.202	3.908	34.853
-1.3623	7.5659	-18.456
-0.11429	-8.2982	0.23784
2.9243	-4.1592	5.357
-1.3039	-17.324	2.2445
-14.665	-18.775	-2.7938
11.582	9.7533	12.19
-8.349	-1.7405	8.6351
5.4377	-17.955	0.63072
-3.1439	-14.593	10.696
-5.5052	5.815	0.13379
-9.1499	-3.5433	2.9718
31.008	4.757	30.678
27.204	7.9005	35.741
1.7781	0.62695	20.545
-21.894	-31.156	-4.539
12.698	-1.0402	1.3171
14.425	-6.2428	14.459
15.625	4.2328	20.5
-3.2353	1.3641	5.4885
-2.7016	-6.5958	-9.771
14.937	7.3347	23.214
-11.64	-21.084	-6.769
-10.192	-6.8646	-0.72065
6.8384	-9.1587	8.8458
8.1685	4.6873	16.501
3.4306	5.2948	5.2471
11.245	-2.3186	16.42
19.58	9.3496	12.148
6.2701	0.0077223	8.4396
18.438	8.7681	7.4366
5.5904	-2.1247	7.4645
10.01	2.5926	16.581
17.636	3.748	9.969
-2.4974	-9.0386	-5.4168
-1.0051	-9.5456	7.1079
5.8037	-0.27153	7.2029
1.7918	-0.024343	8.0946
18.294	10.92	9.9787
-5.5183	-1.6577	-1.8537
8.5567	7.6047	13.116
-8.6584	-12.969	-2.8553
5.4715	-0.18423	10.125
17.897	16.03	10.272
9.0363	3.9402	2.0293
9.1036	10.115	20.005
4.0488	0.39733	5.465
6.0393	-15.664	7.7217
23.428	8.3485	20.974
8.5749	12.354	14.138
9.0558	2.9921	19.086
6.5697	8.3277	6.8508
1.8385	9.0927	9.1569
-2.3694	-6.3698	1.8075
2.9514	-7.4608	20.23
5.1079	0.87257	15.674
16.26	2.0689	16.705
-17.509	-20.65	-2.7667
3.8335	-3.9393	6.7308
10.789	-1.4678	23.073
-7.6211	-9.7193	7.8864
16.884	-1.0425	16.508
-4.991	-6.086	-3.026
13.399	-8.2468	20.19
4.0114	1.1192	8.2595
31.032	14.567	30.29
0.31461	-10.687	6.7084
3.0291	3.7292	18.738
25.14	6.0248	5.729
18.991	8.4075	20.437
4.1148	3.75	12.447
12.633	-0.60696	14.092
11.137	1.4079	20.876
18.448	-0.48717	6.526
20.411	9.9858	21.039
4.279	7.6039	-7.3774
15.7	10.186	17.07
12.077	-3.9285	14.588
16.609	-2.6952	19.05
3.159	-5.2314	-1.4585
4.8952	10.814	2.6808
19.568	0.98479	24.606
0.071306	-2.7983	3.3067
2.2829	12.324	4.8431
7.1474	7.3603	18.568
24.2	16.553	21.593
9.901	13.774	17.327
-2.9002	-13.934	0.70363
18.862	-0.56093	16.688
12.107	6.4457	7.1397
5.6218	2.6325	28.695
-10.701	-3.3203	-3.4383
22.12	16.917	10.542
-20.04	-20.767	-13.294
7.6968	-3.608	7.236
-7.8351	-9.2857	10.239
5.1703	-4.1252	12.32
17.833	-0.75417	26.019
21.608	8.1824	12.972
12.744	13.777	16.34
7.0795	10.597	6.9587
5.6367	-1.3964	11.072
17.448	7.9547	17.603
12.409	9.6543	14.257
0.51703	-25.157	15.965
-18.843	-21.049	-6.7092
-13.399	-8.9887	-0.91309
-11.441	-14.342	0.94786
6.5186	-0.017135	3.5463
-25.414	-31.004	2.0784
26.884	-10.443	20.229
6.3622	-1.6951	-1.4753
1.6992	-7.7374	3.3045
11.589	-12.186	6.1294
-11.107	-14.023	10.77
-23.839	-29.394	-20.875
9.107	3.9725	19.045
-10.744	-14.919	-7.6673
-20.819	-17.827	-9.765
6.7954	2.9905	6.7818
16.355	4.8782	14.884
11.277	4.6238	6.7184
-5.3276	-11.512	-0.22061
8.2565	-22.023	14.368
-5.2579	-12.807	-4.3809
4.5052	-12.699	4.8116
14.623	12.597	3.7483
-5.2401	-2.2099	-1.295
7.5508	-1.0433	8.8046
-4.2704	5.9125	2.877
-29.816	-29.366	-14.821
3.9692	6.6904	16.02
2.9839	3.6855	14.949
16.337	6.0317	10.693
44.982	29.485	32.661
-10.021	2.2026	-7.2712
4.629	0.16573	7.954
27.848	13.467	21.547
15.563	4.8272	8.3199
1.4443	0.22473	13.591
0.72322	-9.2971	5.5055
8.2023	6.4362	2.2026
25.863	17.045	26.553
-3.8567	-6.0602	-5.637
18.038	6.9236	9.5985
-8.2426	-16.825	7.469
5.3415	13.692	-0.48856
-0.13241	6.0002	-0.92808
13.531	15.843	12.538
9.3955	-8.2101	4.2989
16.487	10.92	18.709
8.3261	-5.5556	3.6173
-9.053	-8.9783	5.9116
-20.495	0.033283	-10.744
-1.7896	-5.3787	-1.2564
2.1868	-0.72834	5.5058
1.5078	6.486	3.2841
11.633	5.8041	-0.32312
3.4746	-7.7259	5.9534
-7.3327	-16.905	-4.7171
12.963	2.6218	3.8143
-11.193	-19.924	2.7525
-3.4701	8.9556	10.499
-2.0596	-13.534	3.9118
-10.191	-7.978	2.1403
10.748	3.9778	10.26
13.612	1.4676	29.288
9.2103	7.4376	0.91676
3.7562	-14.099	13.854
-9.6641	-10.264	0.51119
1.1198	-4.1836	10.101
14.625	0.4753	12.883
-2.7851	1.4824	4.4742
3.1541	10.544	-0.30336
-13.605	-24.899	-6.7754
25.757	14.746	22.697
-0.10947	4.9495	2.4172
-6.7272	2.6335	2.1482
-17.72	-13.796	-8.7802
6.474	-2.8434	2.2945
18.018	11.152	20.673
16.129	22.57	9.5434
14.18	5.0612	10.344
9.8818	8.5368	13.347
29.581	7.2126	23.357
2.7857	7.7213	3.0989
17.792	4.8037	12.068
-9.4034	-10.043	4.8173
0.068682	-11.378	10.513
-2.322	-3.2975	0.063992
-0.42039	-13.762	2.39
9.5548	-10.826	1.0819
13.572	0.86474	16.105
-7.0093	-3.4933	6.259
6.3983	-2.6705	6.2397
-11.888	-14.502	5.3421
-3.123	-10.998	8.1553
14.973	-7.0574	14.081
8.1656	-9.5558	17.297
3.3387	4.7851	2.5831
2.6484	-5.5729	8.9685
29.76	21.294	22.795
18.726	-1.0871	16.009
22.091	22.894	26.883
1.2379	-19.138	17.182
10.76	-14.005	19.97
0.39014	5.2872	8.5903
4.2058	-3.7958	11.125
8.8087	-2.0468	13.533
-4.7766	2.9419	-11.269
5.5956	0.093476	0.44774
12.228	-8.1016	0.40671
0.53014	-10.15	8.102
-11.067	-5.856	-3.9928
-12.545	-13.345	-1.1696
2.8342	0.8196	10.805
-19.714	-23.31	-19.666
10.243	-4.8566	11.611
18.916	15.983	9.9971
20.412	13.333	18.992
-4.8845	-14.665	2.9593
-12.457	-13.953	8.46
14.663	5.9943	3.6997
14.862	9.6562	23.349
1.8576	-21.684	0.35989
11.921	-0.94883	15.564
17.078	9.044	10.707
-0.057652	-1.0252	11.045
13.159	6.6575	8.1462
22.782	9.5178	19.717
-6.4066	-11.186	-5.7979
